{
  "order": [
    1,
    1,
    1
  ],
  "seasonal_order": [
    1,
    1,
    1,
    7
  ],
  "metrics": {
    "MAE": 17.6,
    "MAPE": 181.07,
    "RMSE": 27.44
  },
  "aic": 18947.156294639608,
  "bic": 18975.06998708418
}